R2,RMSE,MAE,Spearman,NDCG@10,NDCG@100,Model
0.6611025456305737,7.382848529762605,5.063322754215045,0.5910922922477725,0.8728371870045486,0.8853636970209806,Weighted_Ensemble
0.6506004333496094,7.496370072909923,5.215716361999512,0.5720880076030289,0.8707927213481974,0.884617557975853,XGBRegressor
0.6504245338575781,7.498256241731585,5.1619111111111105,0.5946079492363596,0.8514912958644362,0.8759728096535214,RandomForestRegressor
0.6612240527205968,7.38152490096027,5.0963988774256075,0.559910029353942,0.8062030493730784,0.8640400797391098,LightGBMRegressor
0.5688153876064297,8.327630208462,5.4749333333333325,0.5584178650371477,0.7770768807976665,0.8511412893021326,ExtraTreesRegressor
