R2,RMSE,MAE,Spearman,NDCG@10,NDCG@100,Model
0.6405215169197044,7.603722437020489,5.132149268474457,0.5516498993351244,0.8255934374208308,0.8527501924091252,LightGBMRegressor
0.6465544700622559,7.539648161756367,5.087976455688477,0.5862270865496007,0.7819532829115154,0.8493170973701522,XGBRegressor
0.6400630516439306,7.608569642186369,5.2042222222222225,0.5894557975639563,0.8012185882710783,0.8488557606694684,RandomForestRegressor
0.5839653018684999,8.180024069510907,5.385155555555556,0.5805234131443877,0.7406879321789105,0.8182549008297606,ExtraTreesRegressor
